{
 "exe": "app",
 "key": "private.pem",
 "debug": true,
 "heapSize": 512,
 "executableHeap": false,
 "productID": 1,
 "securityVersion": 1,
 "mounts": [
        {
            "source": "./protected-fs",
            "target": "/data",
            "type": "hostfs",
            "readOnly": false
        },
        {
          "source": "./mining-data/collaborators",
          "target": "/mining-data/collaborators",
          "type": "hostfs",
          "readOnly": false
        },
        {
          "source": "./mining-data/provision-data",
          "target": "/mining-data/provision-data",
          "type": "hostfs",
          "readOnly": false
        },
       {
         "source": "./mining-data/consumption-data",
         "target": "/mining-data/consumption-data",
         "type": "hostfs",
         "readOnly": false
       },
       {
         "source": "./mining-data/output",
         "target": "/mining-data/output",
         "type": "hostfs",
         "readOnly": false
       }
        ],
 "env": null,
 "files": [
   {
     "source": "./public.pem",
     "target": "./public.pem"
   },
   {
     "source": "./private.pem",
     "target": "./private.pem"
   }
]
}
